Lon,Lat,site
-87.88026,30.49748,1
-85.80361,33.28493,2
-87.6381,34.76262,3
-85.96986,34.28857,4
-85.99265,33.99149,5
-85.39079,31.22478,6
-86.815,33.55306,7
-87.00361,33.33111,8
-86.54917,33.54528,9
-86.92417,33.49972,10
-86.84411,33.52143,11
-86.58636,34.68776,12
-88.08776,30.77018,13
-86.26339,32.41281,14
-86.96754,34.53072,15
-85.00503,32.47214,16
-86.34944,33.27947,17
-87.48419,33.18993,18
-149.8246,61.20586,19
-149.56971,61.3267,20
-147.72246,64.84067,21
-147.72741,64.84569,22
-147.3103,64.76297,23
-134.56724,58.3885,24
-149.03166,61.53416,25
-149.10622,61.5989,26
-109.53968,31.3492,27
-113.5586,34.2439,28
-112.14257,33.48385,29
-111.86507,33.41045,30
-112.06626,33.56033,31
-112.19196,33.57454,32
-112.07533,33.40316,33
-111.93473,33.4124,34
-111.96797,33.39625,35
-112.12816,33.46155,36
-111.85565,33.48824,37
-112.11814,33.4265,38
-112.09577,33.50383,39
-111.03839,32.32266,40
-110.9823,32.29515,41
-111.75222,32.87758,42
-111.50322,33.42119,43
-112.03705,32.88476,44
-110.93672,31.3372,45
-114.61444,32.69028,46
-91.55896,34.51852,47
-91.95038,33.13686,48
-90.19314,35.19729,49
-93.00018,34.46944,50
-91.18891,35.63729,51
-94.22623,34.5837,52
-92.2813,34.75619,53
-92.3287,34.68134,54
-92.66962,33.22027,55
-94.11683,36.1797,56
-121.78422,37.68753,57
-122.16993,37.74307,58
-122.28235,37.81478,59
-122.26338,37.79362,60
-122.30274,37.86477,61
-121.84162,39.76154,62
-120.68157,38.20185,63
-122.2818,39.02122,64
-122.01773,39.20293,65
-122.02615,37.93601,66
-122.35681,37.9604,67
-119.77417,36.78532,68
-119.65834,36.98512,69
-120.38233,36.63423,70
-119.71736,36.81911,71
-119.733,36.72639,72
-124.1775,40.77694,73
-124.20139,40.71528,74
-115.48414,32.67619,75
-115.53917,32.97833,76
-115.56306,32.79222,77
-118.33078,37.36068,78
-117.87104,36.48782,79
-119.01501,35.38557,80
-118.14729,35.05055,81
-119.04121,35.35609,82
-117.67296,35.62109,83
-118.99917,35.32293,84
-119.56695,36.10218,85
-119.64457,36.3144,86
-122.92229,39.0327,87
-117.92391,34.1365,88
-118.22688,34.06659,89
-118.53276,34.19925,90
-118.205,33.90139,91
-118.06995,34.01194,92
-118.1272,34.1326,93
-118.18921,33.82376,94
-118.17533,33.79236,95
-118.20028,33.85944,96
-120.0342,36.95326,97
-122.52,37.97231,98
-123.20655,39.15047,99
-123.35264,39.41174,100
-120.43499,37.2816,101
-120.48099,37.30854,102
-121.73157,36.49577,103
-121.12637,36.20929,104
-121.63718,36.69676,105
-122.29619,38.31094,106
-121.05659,39.23433,107
-120.17129,39.3385,108
-117.93845,33.83062,109
-117.67593,33.63003,110
-121.10065,38.93558,111
-121.26631,38.74573,112
-120.93882,39.9371,113
-120.47069,39.81336,114
-117.08865,33.44787,115
-116.83007,33.94471,116
-116.21537,33.70853,117
-116.54101,33.85275,118
-117.41601,33.99958,119
-117.4933,33.99564,120
-121.36801,38.61378,121
-121.49298,38.55823,122
-121.16446,38.6833,123
-121.4585,38.55633,124
-121.36212,36.8441,125
-117.61722,34.03083,126
-117.49201,34.10002,127
-116.86444,34.26444,128
-117.27411,34.10688,129
-117.05908,32.63123,130
-117.14965,32.70149,131
-116.3652,32.72523,132
-117.12389,32.84547,133
-116.96813,32.81798,134
-116.94422,32.78956,135
-117.09023,33.36259,136
-122.39904,37.76595,137
-121.26852,37.95074,138
-121.24872,37.79323,139
-120.56388,35.02083,140
-120.66986,35.25658,141
-120.5843,35.03331,142
-120.66617,35.49453,143
-122.20337,37.48293,144
-120.43763,34.94915,145
-120.4575,34.63782,146
-119.8284,34.44551,147
-121.57468,36.99957,148
-121.8949,37.3485,149
-121.84978,37.33814,150
-121.98933,36.98392,151
-122.08413,37.06307,152
-122.38201,40.54998,153
-122.63358,41.72689,154
-122.23798,38.10251,155
-122.81829,38.40376,156
-120.99462,37.64158,157
-120.83701,37.48798,158
-121.61855,39.13877,159
-122.25556,40.17093,160
-119.29123,36.33218,161
-118.8705,34.21015,162
-118.80995,34.40427,163
-119.23132,34.44805,164
-118.68376,34.27636,165
-119.14318,34.25238,166
-121.73269,38.66121,167
-104.93836,39.82835,168
-105.01953,39.6044,169
-105.10086,40.16458,170
-105.26338,40.0211,171
-104.98762,39.75118,172
-105.00518,39.77949,173
-105.0153,39.73217,174
-104.9886,39.7861,175
-105.07036,39.53449,176
-104.82856,38.84801,177
-108.02611,39.43806,178
-107.3286,39.5464,179
-107.62863,37.13678,180
-107.87022,37.10258,181
-105.07969,40.57129,182
-108.56117,39.0638,183
-105.98306,39.24028,184
-104.59761,38.2761,185
-108.76139,40.08694,186
-104.70693,40.41488,187
-104.82405,40.20939,188
-73.19472,41.17083,189
-73.44306,41.39917,190
-72.67992,41.77144,191
-72.63167,41.78472,192
-73.29726,41.82134,193
-72.90287,41.3014,194
-73.04361,41.55056,195
-72.07882,41.35362,196
-75.5568,38.98667,197
-75.51806,39.155,198
-75.49194,39.76111,199
-75.732,39.5513,200
-75.6036,39.57768,201
-75.7613,39.69196,202
-75.55806,39.73944,203
-75.6106,38.6539,204
-77.03406,38.87626,205
-77.01318,38.92185,206
-76.95343,38.89477,207
-82.38778,29.70611,208
-80.62861,28.05361,209
-80.25694,26.05389,210
-80.16982,26.13268,211
-80.09647,26.29202,212
-80.17639,26.29417,213
-82.64438,28.98056,214
-81.6354,30.35634,215
-81.63398,30.1358,216
-81.54778,30.35472,217
-81.60683,30.26278,218
-87.20355,30.52537,219
-82.46714,27.95555,220
-82.2304,27.96565,221
-81.87791,26.60202,222
-84.34639,30.43972,223
-80.32639,25.94194,224
-80.21556,25.79422,225
-80.48278,25.47194,226
-81.3625,28.59639,227
-80.09278,26.45694,228
-82.73987,27.78587,229
-82.78215,27.98628,230
-81.97222,28.02889,231
-82.50722,27.29056,232
-81.31056,28.74611,233
-81.0525,29.20667,234
-83.6411,32.77746,235
-83.54352,32.80541,236
-81.16185,32.11076,237
-83.34449,33.91807,238
-84.39103,33.60987,239
-84.60741,34.01548,240
-84.29048,33.68797,241
-84.10019,31.57692,242
-85.32333,34.26054,243
-84.43558,33.80233,244
-84.39142,33.77831,245
-81.49588,31.16973,246
-84.06901,33.96127,247
-83.81217,34.30008,248
-83.59791,32.6056,249
-83.29444,30.84806,250
-84.98098,32.48354,251
-84.94479,32.5213,252
-84.9316,32.42905,253
-85.04534,33.9285,254
-82.02222,33.43335,255
-85.30098,34.97889,256
-82.80876,32.97488,257
-83.33378,32.88183,258
-155.2881,19.4203,259
-155.11053,19.71756,260
-155.91342,19.50978,261
-155.48018,19.2039,262
-155.77814,19.11756,263
-155.10203,19.55544,264
-158.08861,21.32374,265
-157.85542,21.30758,266
-157.87117,21.30338,267
-157.96913,21.39283,268
-159.36624,21.9496,269
-156.44637,20.781,270
-156.37034,20.90203,271
-156.49363,20.86963,272
-116.34785,43.6007,273
-112.45581,42.97825,274
-116.57128,47.31658,275
-116.56268,43.58031,276
-111.80917,42.01333,277
-114.2525,42.68,278
-113.89029,45.1819,279
-116.23667,47.53639,280
-88.24055,40.12389,281
-88.37251,40.05278,282
-87.73246,41.67099,283
-87.53932,41.68717,284
-87.74993,41.96549,285
-87.72272,41.91286,286
-87.71349,41.7514,287
-87.83235,41.80118,288
-87.87627,41.96519,289
-87.80538,41.78277,290
-87.86322,42.06029,291
-87.79923,42.14,292
-87.7489,41.86443,293
-88.15253,41.77107,294
-88.62494,38.08216,295
-90.32408,39.11054,296
-88.28002,42.0504,297
-88.32937,41.78472,298
-88.24221,42.22144,299
-88.9969,40.51873,300
-88.92559,39.86683,301
-90.14476,38.70063,302
-90.13967,38.70453,303
-90.14317,38.90308,304
-90.10585,38.86067,305
-89.58474,40.69701,306
-89.78846,38.17628,307
-90.51735,41.51473,308
-90.16048,38.61203,309
-89.64416,39.83192,310
-88.11647,41.52689,311
-88.19097,41.22154,312
-89.09277,42.26308,313
-85.10182,41.09497,314
-85.89133,39.23746,315
-85.7401,38.2777,316
-85.66412,38.39382,317
-85.38791,40.1995,318
-86.92916,38.39144,319
-85.96837,41.65691,320
-85.83417,38.30806,321
-86.99012,38.98558,322
-85.93955,39.96088,323
-85.52345,40.00952,324
-86.10972,40.48135,325
-87.44084,41.63613,326
-87.30473,41.60668,327
-87.40591,41.57324,328
-87.34299,41.59851,329
-87.47449,41.5855,330
-86.89122,41.70721,331
-85.65218,40.1257,332
-86.16646,39.74499,333
-86.11447,39.8111,334
-86.21463,39.7889,335
-86.12202,39.77498,336
-86.11541,39.75885,337
-86.13088,39.78793,338
-86.50476,39.15938,339
-87.19925,41.61756,340
-86.21468,41.69669,341
-86.98321,38.16752,342
-86.8525,40.43164,343
-87.53229,37.97444,344
-87.57786,38.01325,345
-87.55802,37.97447,346
-87.4014,39.48615,347
-85.62929,41.16965,348
-92.31602,42.50154,349
-90.21198,41.82328,350
-90.17757,41.875,351
-91.53849,42.60083,352
-91.50348,41.65723,353
-91.39101,40.40096,354
-91.68766,41.97677,355
-95.04495,40.96911,356
-91.06796,41.40097,357
-91.07098,41.41943,358
-91.06261,41.41439,359
-91.0616,41.4069,360
-94.69352,43.1237,361
-93.64312,41.60316,362
-93.7479,41.60352,363
-95.89612,41.26417,364
-90.58761,41.53001,365
-90.60012,41.55,366
-90.62404,41.51208,367
-92.00632,40.69508,368
-96.39476,42.49984,369
-94.68701,38.97446,370
-94.74642,38.83857,371
-95.47594,37.67696,372
-97.36221,37.65111,373
-97.31485,37.70207,374
-97.31691,37.74708,375
-95.71128,39.02426,376
-97.3664,37.47689,377
-99.76342,38.77008,378
-94.6356,39.11722,379
-83.73694,36.60843,380
-82.64041,38.45934,381
-84.47445,39.02188,382
-82.9881,38.23887,383
-87.32334,36.91171,384
-87.07531,37.78078,385
-84.49761,38.06503,386
-85.85263,37.70561,387
-87.46375,37.8712,388
-85.81566,38.23319,389
-85.89804,38.06091,390
-85.65452,38.22876,391
-85.7119,38.1936,392
-88.57251,37.05822,393
-84.28495,37.73846,394
-83.20932,37.28329,395
-82.53532,37.4826,396
-84.61152,37.09798,397
-86.21487,37.04926,398
-93.79518,32.47182,399
-93.57849,30.22798,400
-91.17922,30.46198,401
-91.06255,30.2191,402
-90.27509,30.04357,403
-90.0834,29.88326,404
-92.05151,30.2177,405
-90.11819,29.99601,406
-92.04623,32.50986,407
-92.41075,31.17782,408
-89.97626,29.94475,409
-90.37703,30.50325,410
-90.78006,29.67909,411
-91.21356,30.50064,412
-70.21422,44.08941,413
-68.32111,47.35533,414
-68.0384,46.69842,415
-68.01619,46.6823,416
-70.25618,43.67799,417
-70.26896,43.66025,418
-68.2609,44.37705,419
-69.78672,44.31232,420
-70.54632,44.55142,421
-68.76968,44.79886,422
-76.62793,39.16953,423
-76.63167,39.46203,424
-76.47444,39.31083,425
-75.86005,39.70144,426
-76.14101,38.58752,427
-79.012,39.70595,428
-76.29695,39.41019,429
-76.84611,39.14313,430
-75.79732,39.30502,431
-77.10688,39.11431,432
-76.87833,39.05528,433
-76.74417,38.81194,434
-77.72024,39.56418,435
-76.68538,39.34465,436
-76.54686,39.28777,437
-76.6046,39.29773,438
-73.25509,42.45202,439
-73.25411,42.44801,440
-71.16924,41.68571,441
-70.97082,42.47464,442
-71.10229,42.77084,443
-71.16441,42.69821,444
-72.59669,42.60582,445
-72.55511,42.19438,446
-72.5908,42.10899,447
-72.33408,42.29849,448
-71.11397,42.21177,449
-71.01213,42.06511,450
-71.09716,42.34887,451
-71.0826,42.3295,452
-71.0543,42.3631,453
-71.05606,42.32519,454
-71.79837,42.2601,455
-71.79432,42.26396,456
-86.14858,42.76779,457
-83.89072,43.57139,458
-86.30969,42.19779,459
-84.36421,46.49363,460
-83.67016,43.04722,461
-84.53463,42.73862,462
-85.54189,42.27807,463
-85.67912,42.95612,464
-85.67134,42.98417,465
-83.94656,41.99557,466
-82.79346,42.73139,467
-86.24265,44.307,468
-84.89186,44.31056,469
-83.34573,41.92358,470
-83.1832,42.46306,471
-82.45623,42.95334,472
-83.5996,42.24056,473
-83.2082,42.22862,474
-83.10653,42.30279,475
-83.09603,42.35781,476
-83.00014,42.43084,477
-83.42626,42.42306,478
-83.14875,42.30667,479
-83.1539,42.18729,480
-83.06847,42.32334,481
-83.26619,42.386,482
-83.42504,42.4215,483
-93.20762,45.13768,484
-95.84627,46.85181,485
-95.02917,47.87816,486
-92.51172,46.71369,487
-89.69098,47.97208,488
-94.1303,46.39674,489
-93.23725,44.73846,490
-93.2858,44.70612,491
-93.25476,44.96524,492
-93.25821,44.95366,493
-93.34315,44.94805,494
-91.49557,47.94862,495
-95.81789,44.4438,496
-92.45037,43.99691,497
-93.09827,44.95072,498
-93.03587,44.95939,499
-93.19988,44.9731,500
-92.5363,47.52336,501
-92.08936,46.81826,502
-92.166,46.74366,503
-93.51253,44.79144,504
-94.13345,45.54984,505
-92.78336,45.02862,506
-92.77525,45.02124,507
-93.66921,45.20916,508
-89.98783,34.82166,509
-89.28717,31.32364,510
-89.79278,33.83444,511
-89.39592,30.30083,512
-89.04978,30.39037,513
-90.18272,32.32911,514
-90.22567,32.34672,515
-88.53393,30.37829,516
-94.85858,39.74169,517
-94.57983,38.75961,518
-94.035,37.69,519
-94.37701,39.30317,520
-93.29989,37.25614,521
-94.57079,39.10469,522
-94.45051,39.04791,523
-90.3959,38.44867,524
-90.35031,38.65033,525
-90.26371,38.54255,526
-90.19835,38.65643,527
-90.18987,38.65648,528
-90.28115,38.63114,529
-109.45531,47.04854,530
-114.18927,48.36369,531
-111.98716,46.8505,532
-112.01309,46.65876,533
-115.55331,48.39155,534
-114.0215,46.84218,535
-114.22427,47.01291,536
-107.86247,48.31751,537
-105.37028,45.44029,538
-114.15889,46.24362,539
-104.48555,47.80339,540
-106.48982,45.36615,541
-112.50125,46.0026,542
-108.51154,45.7804,543
-95.97314,41.24749,544
-96.05669,41.19785,545
-98.36497,40.9421,546
-96.68331,40.81259,547
-95.9561,41.13329,548
-103.65656,41.87685,549
-96.14617,41.55121,550
-115.05288,36.04874,551
-115.07873,36.14189,552
-115.11392,36.16396,553
-115.35705,35.78567,554
-115.12293,36.19126,555
-115.36223,36.35779,556
-119.73251,38.89756,557
-119.80772,39.52508,558
-119.74676,39.54092,559
-119.7661,39.1447,560
-71.49634,43.56612,561
-72.27233,42.93052,562
-72.3095,43.6296,563
-71.87863,42.86183,564
-70.74802,43.07537,565
-71.38014,42.86253,566
-74.44874,39.46487,567
-74.431,39.36326,568
-73.97331,40.85226,569
-73.96621,40.85358,570
-75.12529,39.93445,571
-75.05001,39.98904,572
-75.0252,39.42227,573
-74.19289,40.72099,574
-75.28472,39.83081,575
-74.03622,40.77091,576
-74.05229,40.72545,577
-74.80667,40.51526,578
-74.74264,40.28309,579
-74.76317,40.22241,580
-74.42944,40.46218,581
-74.6763,40.78763,582
-74.17045,39.99491,583
-74.16809,40.91838,584
-74.20837,40.64144,585
-74.27617,40.60394,586
-75.06781,40.92458,587
-106.5852,35.1343,588
-106.65739,35.01708,589
-106.59972,32.00371,590
-106.58443,31.79622,591
-106.76834,32.32204,592
-103.12292,32.72666,593
-73.75464,42.64225,594
-73.75733,42.68075,595
-73.902,40.816,596
-73.87809,40.8679,597
-79.31881,42.49963,598
-78.77153,42.99328,599
-78.80953,42.87691,600
-78.76583,42.92111,601
-73.8589,44.39308,602
-73.94771,40.71961,603
-77.55728,43.14501,604
-77.54817,43.14618,605
-73.93432,40.7997,606
-73.984,40.73,607
-73.99518,40.71436,608
-76.05921,43.05235,609
-74.00885,41.49916,610
-73.82153,40.73614,611
-74.13719,40.63307,612
-77.20978,42.09142,613
-73.41919,40.74529,614
-82.58333,35.6075,615
-79.46742,36.30703,616
-81.36556,35.72889,617
-78.95311,35.04142,618
-80.2625,35.81444,619
-78.90542,36.03294,620
-80.22644,36.11069,621
-80.342,36.026,622
-79.80111,36.10917,623
-83.27793,35.46677,624
-78.46194,35.59083,625
-80.78568,35.2401,626
-80.86698,35.15128,627
-80.88865,35.3041,628
-82.06208,35.91249,629
-79.83661,35.2632,630
-77.83861,34.36417,631
-77.35805,35.63861,632
-83.44213,35.43477,633
-78.57417,35.85611,634
-103.37853,46.8943,635
-102.4018,48.64193,636
-100.76821,46.82543,637
-96.85535,46.93375,638
-102.5273,47.3132,639
-103.2995,47.5812,640
-101.76694,47.29861,641
-101.42806,47.18583,642
-103.63951,48.15278,643
-84.0539,40.77094,644
-81.90883,39.44217,645
-80.7464,39.9679,646
-84.3543,39.4938,647
-84.36374,39.49072,648
-84.5666,39.33839,649
-84.40767,39.47885,650
-84.39495,39.47244,651
-84.39711,39.47869,652
-83.80949,39.92882,653
-81.57526,41.55523,654
-81.68238,41.47701,655
-81.65679,41.47178,656
-81.67845,41.49212,657
-81.66242,41.44668,658
-81.81867,41.39629,659
-82.99344,39.99875,660
-82.81555,40.08456,661
-82.9801,39.92853,662
-82.95977,40.0877,663
-83.88705,39.80834,664
-84.36625,39.2787,665
-84.69086,39.21487,666
-84.47897,39.19433,667
-84.50404,39.12886,668
-84.55117,39.10492,669
-80.61558,40.36644,670
-80.60795,40.31951,671
-81.24216,41.72681,672
-82.65924,38.50807,673
-82.11426,41.46307,674
-83.54616,41.64407,675
-83.64226,41.62057,676
-83.47833,41.66257,677
-80.64528,41.11111,678
-80.65852,41.09594,679
-81.9239,41.0604,680
-84.19867,39.75597,681
-81.2352,41.1644,682
-84.72049,39.83562,683
-82.917,38.75465,684
-81.39419,40.78688,685
-81.37301,40.80073,686
-81.46896,41.06353,687
-81.54161,41.08796,688
-80.80116,41.23172,689
-97.46293,34.24419,690
-97.4841,35.3201,691
-98.42879,34.63298,692
-98.93197,36.15841,693
-97.08135,36.69719,694
-97.52709,35.47292,695
-97.57798,35.50307,696
-97.47508,35.61413,697
-95.78437,34.90227,698
-94.52441,35.40814,699
-96.00498,35.95371,700
-95.97654,36.2049,701
-95.88262,36.90818,702
-120.84477,44.29979,703
-119.04872,43.58925,704
-122.87923,42.31411,705
-123.34847,42.43414,706
-121.73137,42.1903,707
-120.35397,42.18921,708
-123.14135,44.06722,709
-123.08374,44.02631,710
-123.0177,44.0467,711
-122.48049,43.74435,712
-123.05349,43.7995,713
-122.60288,45.49664,714
-122.9724,45.5285,715
-122.74789,45.3935,716
-77.30968,39.92002,717
-80.07134,40.49977,718
-79.96076,40.46542,719
-79.86806,40.32377,720
-80.16994,40.37564,721
-80.02167,40.60662,722
-79.72766,40.61749,723
-79.86097,40.40233,724
-79.86357,40.43743,725
-79.88533,40.29434,726
-79.56475,40.81418,727
-80.31644,40.7478,728
-75.9686,40.38335,729
-78.37083,40.53528,730
-76.51273,41.70523,731
-78.915,40.30972,732
-77.87703,40.81139,733
-75.76824,39.83446,734
-77.18675,40.24653,735
-76.84699,40.24699,736
-75.3725,39.83556,737
-75.41397,39.81871,738
-80.03861,42.14175,739
-80.26567,39.80933,740
-75.62306,41.44278,741
-76.28333,40.04667,742
-76.1124,40.04383,743
-76.38345,40.33733,744
-75.4325,40.61194,745
-80.48478,41.21501,746
-75.32328,41.08306,747
-75.34111,40.62806,748
-75.09778,40.00889,749
-75.08083,39.99139,750
-75.18692,39.92287,751
-75.14222,39.96006,752
-74.9848,40.05413,753
-75.20682,39.98884,754
-76.93917,41.64472,755
-79.90222,40.14667,756
-80.26139,40.17056,757
-80.42083,40.44528,758
-79.50567,40.30469,759
-76.69944,39.96528,760
-71.72,41.61524,761
-71.4151,41.80778,762
-71.37997,41.87467,763
-71.41746,41.8295,764
-71.36097,41.84104,765
-71.4237,41.49511,766
-80.06501,32.98025,767
-79.95869,32.79098,768
-80.19879,34.61537,769
-81.85363,33.73996,770
-79.76735,34.21426,771
-82.41459,34.8439,772
-82.2567,34.75185,773
-81.15495,34.05102,774
-83.2377,34.80526,775
-80.9623,34.09396,776
-81.02414,33.99151,777
-81.9248,34.95557,778
-96.8073,44.3486,779
-98.48611,45.4625,780
-97.1288,44.89965,781
-103.48386,43.55764,782
-100.28727,44.37379,783
-101.94122,43.74561,784
-96.70077,43.54792,785
-103.27378,44.0874,786
-103.22824,44.07835,787
-96.70721,42.75152,788
-83.94215,35.76885,789
-86.7389,36.17638,790
-86.87355,36.11825,791
-89.38216,36.05266,792
-85.24293,34.99438,793
-85.29302,35.05092,794
-84.03598,35.9446,795
-83.92577,35.98067,796
-83.95067,35.97807,797
-83.87381,36.01919,798
-87.46995,35.11597,799
-84.31706,35.74454,800
-84.59619,35.45011,801
-88.80958,35.65135,802
-87.0096,35.65188,803
-87.32804,36.51463,804
-85.49211,36.1857,805
-84.5428,35.93908,806
-90.02154,35.16889,807
-89.85025,35.1517,808
-82.5216,36.53876,809
-86.65314,36.29756,810
-98.62017,29.51509,811
-98.31169,29.27538,812
-94.0708,33.42576,813
-94.07778,33.43611,814
-97.49383,25.89252,815
-96.79769,32.77426,816
-96.86012,32.82006,817
-97.0269,32.48208,818
-106.50126,31.76829,819
-106.45523,31.76569,820
-94.86129,29.25447,821
-95.32614,29.90104,822
-95.03123,29.7707,823
-95.25759,29.73373,824
-95.12851,29.67002,825
-95.38769,29.81453,826
-94.16746,32.66899,827
-98.29107,26.22621,828
-98.15207,26.28862,829
-97.43158,27.8045,830
-97.4657,27.81182,831
-97.35657,32.80582,832
-97.34233,32.75914,833
-97.33806,32.66472,834
-97.8723,30.48317,835
-97.71288,30.26321,836
-112.01886,41.49271,837
-111.8522,41.84265,838
-111.88447,40.90297,839
-110.00973,40.29418,840
-112.09472,40.70861,841
-111.87222,40.73639,842
-111.931,40.78422,843
-112.0363,40.49639,844
-112.35341,40.60053,845
-109.56147,40.46471,846
-111.66306,40.25361,847
-111.71361,40.34139,848
-111.6605,40.13634,849
-113.3051,37.17912,850
-111.97552,41.20632,851
-73.24984,42.88759,852
-72.86884,44.52839,853
-73.21444,44.48028,854
-73.2106,44.4762,855
-72.98278,43.60806,856
-78.50397,38.07657,857
-77.05922,38.8577,858
-77.25925,37.34438,859
-77.45118,37.43467,860
-77.59355,37.35748,861
-77.10468,38.77335,862
-77.18347,38.76835,863
-78.08157,39.28102,864
-77.40027,37.55652,865
-77.5664,37.67132,866
-77.48925,39.02473,867
-79.88452,37.28342,868
-78.81952,38.47753,869
-82.1641,36.608,870
-76.38702,37.10373,871
-79.21501,37.33271,872
-76.30135,36.85555,873
-77.46925,37.59088,874
-80.08102,37.29788,875
-76.18123,36.84188,876
-120.34195,47.43061,877
-122.58737,45.64336,878
-122.31972,47.59722,879
-122.33827,47.55975,880
-122.30863,47.56824,881
-122.23028,47.38611,882
-122.6274,47.59267,883
-120.545,46.99364,884
-122.46256,47.22634,885
-122.4517,47.1864,886
-122.61428,48.52059,887
-122.3167,47.8064,888
-121.6031,48.2469,889
-122.17153,48.05432,890
-117.36485,47.67248,891
-122.44028,48.76278,892
-119.99968,46.31932,893
-120.49917,46.59806,894
-120.33266,46.38024,895
-77.96385,39.4481,896
-80.59664,40.34102,897
-80.61181,40.39465,898
-82.4259,38.42413,899
-80.59232,40.42737,900
-80.34225,39.27812,901
-81.62116,38.34626,902
-81.69372,38.36618,903
-80.13467,39.48148,904
-80.73386,39.91596,905
-79.92087,39.64937,906
-80.70097,40.11488,907
-81.55237,39.32353,908
-90.6561,46.6022,909
-87.99344,44.50729,910
-89.3573,43.10084,911
-89.4358,43.0733,912
-88.62111,43.46611,913
-91.143,44.7614,914
-88.8086,45.565,915
-90.6979,42.6938,916
-87.8093,42.50472,917
-91.2269,43.7775,918
-87.93333,43.01667,919
-87.9135,43.06097,920
-87.9321,42.93056,921
-87.92079,43.03987,922
-88.39518,44.30738,923
-87.81,43.4981,924
-89.6797,43.4351,925
-90.5972,45.2066,926
-89.654,46.0519,927
-88.21507,43.02007,928
-105.59172,41.31159,929
-105.2133,43.6483,930
-105.34316,44.09707,931
-105.53976,44.50268,932
-107.11918,41.78339,933
-105.38857,43.42542,934
-108.72,42.53,935
-107.54944,43.08167,936
-108.73628,42.84105,937
-104.54515,42.20345,938
-104.1675,42.059,939
-104.8178,41.13998,940
-104.75308,41.13069,941
-104.77833,41.18223,942
-106.32509,42.85106,943
-109.07297,44.53243,944
-106.95593,44.81514,945
-106.95857,44.79551,946
-109.87076,42.86982,947
-109.22072,41.59161,948
-110.76118,43.47808,949
-110.83083,44.37306,950
-104.20432,43.84989,951
-66.72599,18.17538,952
-66.15062,18.42009,953
-65.61889,18.38398,954
-66.16502,17.95789,955
-66.80225,18.04511,956
-66.11446,18.44009,957
-66.62725,18.00956,958
-115.44694,32.62917,959
-115.50417,32.63361,960
-68.261,44.3771,961
-116.9706,33.4636,962
-101.9412,43.7435,963
-115.0336,51.029,964
-109.4406,34.0584,965
-106.2664,35.7797,966
-103.178,29.3027,967
-86.8148,33.5531,968
-120.1025,38.9761,969
-106.852,33.8695,970
-109.64,42.85,971
-88.3733,40.052,972
-91.4955,47.9466,973
-112.1736,37.6184,974
-109.7579,42.9749,975
-74.4492,39.465,976
-89.76168,30.10863,977
124.6308,37.9659,978
-70.0644,43.8325,979
-115.6709,47.9549,980
-70.0242,41.9758,981
-94.1429,34.4544,982
-109.821,38.4587,983
-111.2926,38.3022,984
-99.7634,38.7701,985
-82.5549,28.7484,986
-109.389,32.0094,987
-84.6265,34.7852,988
-121.0008,45.6644,989
-122.1361,42.8958,990
-113.5551,43.4605,991
-148.9675,63.7233,992
-118.1377,35.7278,993
-79.4261,39.1053,994
-79.78322,44.23115,995
-80.6806,25.391,996
-114.269,47.7734,997
-107.63,39.92,998
-105.1022,48.308,999
-119.7732,36.7818,1000
-79.0122,39.7058,1001
-151.517,66.9025,1002
-111.7107,46.8262,1003
-108.2351,33.2204,1004
-113.9966,48.5105,1005
-114.2161,39.0052,1006
-111.9841,35.9731,1007
-71.2177,44.3082,1008
-91.4052,43.9373,1009
-105.5185,37.7249,1010
-83.9416,35.6334,1011
-104.8094,31.833,1012
-156.2479,20.7585,1013
-155.2579,19.4309,1014
-116.8438,44.9702,1015
-92.9221,36.6138,1016
-119.1771,38.0881,1017
-111.6832,34.3405,1018
-88.1491,47.4596,1019
-115.4261,41.8926,1020
-79.5125,37.6266,1021
-116.3889,34.0695,1022
-119.1546,37.2207,1023
-124.0589,42.552,1024
-151.71149,60.01232,1025
-121.5068,41.7117,1026
-92.0059,40.6932,1027
-121.5768,40.5398,1028
-81.9331,35.9723,1029
-71.3801,42.8624,1030
-102.4022,48.6419,1031
-119.97,38.9248,1032
-72.9098,42.9561,1033
-86.1479,37.1318,1034
-124.62,48.3,1035
-70.7846,41.3309,1036
-114.0684,36.0193,1037
-104.4757,48.4871,1038
-108.4907,37.1984,1039
-90.1432,36.9717,1040
-121.7837,45.2888,1041
-73.2973,41.8214,1042
-113.1544,47.1222,1043
-67.2661,45.1259,1044
-122.1244,46.7583,1045
-106.6766,40.5383,1046
-100.3387,41.8888,1047
-109.3816,44.7448,1048
-121.0646,48.7316,1049
-106.5574,45.6495,1050
-110.93715,31.33745,1051
-82.1283,30.7405,1052
-122.9727,48.0065,1053
-112.8016,31.9506,1054
-118.3308,37.3607,1055
-71.8786,42.8619,1056
-119.9275,48.3877,1057
-109.7692,35.0777,1058
-68.64786,44.94798,1059
-112.0958,33.5038,1060
-112.0958,33.5038,1061
-121.1568,36.4833,1062
-72.8688,44.5284,1063
-122.9085,38.1224,1064
-68.0333,46.6964,1065
-122.3119,47.5696,1066
-81.3378,39.9428,1067
-120.0074,34.7339,1068
-124.0839,41.5608,1069
-105.5638,40.3624,1070
-79.6572,32.941,1071
-105.5457,40.2783,1072
-104.4042,33.4598,1073
-118.0282,34.2969,1074
-116.9132,34.1939,1075
-110.7371,32.1746,1076
-84.1614,30.0926,1077
-106.8447,36.0139,1078
-111.2178,32.2486,1079
-114.9271,44.1705,1080
-85.9503,46.2889,1081
-118.8291,36.4894,1082
-78.4348,38.5229,1083
-107.4842,37.3038,1084
-82.7744,35.3937,1085
-110.9421,34.0908,1086
-160.5063,55.3255,1087
-87.3388,34.3433,1088
-121.4259,47.422,1089
-118.5129,45.2249,1090
-94.66956,35.75078,1091
-114.0001,45.8598,1092
-76.2075,35.451,1093
-111.9823,35.1639,1094
-96.5602,38.4341,1095
-105.2874,44.6634,1096
-103.3777,46.8948,1097
-122.0434,44.291,1098
-111.1068,33.6548,1099
-150.3156,62.3153,1100
-108.7196,47.5823,1101
-93.203,35.8258,1102
-64.7962,18.3363,1103
-95.045,40.969,1104
-92.8286,48.4126,1105
-107.7999,37.6594,1106
-105.5349,33.4687,1107
-121.3881,46.6243,1108
-105.452,36.5854,1109
-106.8209,39.1536,1110
-103.4838,43.5576,1111
-98.713,34.7323,1112
-110.4002,44.5653,1113
-119.7061,37.7133,1114
-113.1508,37.1983,1115
-86.8211,33.31293,1116
-147.37228,64.75929,1117
-149.45525,61.5988,1118
-111.97205,33.01053,1119
-92.24359,34.7296,1120
-123.67523,41.04712,1121
-118.13146,34.67139,1122
-117.33143,34.51001,1123
-117.07533,33.12771,1124
-120.66804,35.49158,1125
-119.69122,34.42777,1126
-104.93744,39.82601,1127
-108.59233,37.35005,1128
-73.33667,41.11833,1129
-82.46714,27.95555,1130
-80.23389,26.73083,1131
-86.83096,39.98826,1132
-96.40021,42.52235,1133
-93.27735,44.94634,1134
-93.08298,44.97154,1135
-92.11732,46.77107,1136
-90.1412,32.38573,1137
-93.28487,37.19954,1138
-74.03172,40.77279,1139
-74.87266,40.31239,1140
-74.4224,40.47283,1141
-106.57878,35.0631,1142
-108.16503,36.77416,1143
-79.40782,36.089,1144
-77.96078,34.95482,1145
-81.15333,35.25306,1146
-82.97918,35.50575,1147
-79.2887,35.4325,1148
-81.99381,35.68741,1149
-76.90625,35.81066,1150
-80.39504,35.55187,1151
-81.66306,36.22194,1152
-77.99389,35.36921,1153
-80.80191,41.23117,1154
-97.2759,33.88081,1155
-118.68909,45.66408,1156
-74.88222,40.10722,1157
-75.30917,40.11222,1158
-75.4044,40.64589,1159
-75.16521,39.94465,1160
-85.18158,35.23348,1161
-111.8375,41.73111,1162
-78.50442,38.66373,1163
-81.62832,38.3456,1164
-81.19743,37.80777,1165
-108.386,44.8357,1166
-105.30353,42.76697,1167
-66.05251,18.44981,1168
-64.78487,17.71247,1169
-84.2903,33.688,1170
-96.1913,43.7158,1171
-70.7292,44.1074,1172
124.6308,37.9659,1173
-106.9565,44.3335,1174
-102.4336,41.7627,1175
-83.2085,42.2286,1176
-109.5397,31.3492,1177
-94.0348,37.7009,1178
-99.9354,36.0853,1179
-79.9607,40.4654,1180
-72.3346,42.2985,1181
-111.2858,33.2939,1182
-111.9692,35.1406,1183
-122.8046,40.7864,1184
-152.6656,59.9925,1185
-77.0344,38.8762,1186
-119.7061,37.7133,1187
-86.79639,33.56528,1188
-151.0693,60.48917,1189
-118.31712,34.17605,1190
-119.69907,37.2136,1191
-117.40063,33.94603,1192
-117.69089,34.03723,1193
-116.94209,32.79119,1194
-116.76823,32.84224,1195
-117.39616,33.21702,1196
-122.07569,37.04801,1197
-122.4031,40.6304,1198
-122.40179,40.69184,1199
-104.74522,39.33293,1200
-72.63444,41.7425,1201
-72.07667,41.52417,1202
-76.95807,38.89557,1203
-80.23759,26.08314,1204
-155.79807,19.97747,1205
-93.21467,30.17735,1206
-91.31622,30.22075,1207
-72.59713,42.10579,1208
-71.01474,42.08194,1209
-71.06174,42.37212,1210
-93.2767,45.0121,1211
-93.24428,44.95208,1212
-93.3007,44.98139,1213
-93.12695,44.95726,1214
-93.06753,44.92732,1215
-91.64269,44.05284,1216
-119.78498,39.532,1217
-71.44458,42.76206,1218
-71.45825,43.13246,1219
-74.48343,40.80121,1220
-74.21389,40.67341,1221
-75.18053,40.69921,1222
-105.95419,35.67114,1223
-79.15972,35.75722,1224
-80.00705,36.06866,1225
-78.99028,34.645,1226
-82.98104,39.92845,1227
-84.53838,39.14603,1228
-84.18768,39.76066,1229
-80.24399,40.26896,1230
-96.80071,44.31028,1231
-96.72643,43.54429,1232
-84.50362,35.91676,1233
-84.52406,35.90257,1234
-84.49709,35.90712,1235
-84.51713,35.88982,1236
-84.51657,35.9255,1237
-112.29962,40.54331,1238
-122.5901,45.64987,1239
-122.82155,47.0294,1240
-80.58072,40.42154,1241
-109.207,41.575,1242
-66.17113,18.39982,1243
-65.82862,18.15344,1244
-67.14588,18.2001,1245
-147.34721,64.75234,1246
-111.65278,35.20611,1247
-112.331,34.595,1248
-124.1621,40.80178,1249
-120.47167,39.80833,1250
-122.71017,38.4435,1251
-122.9412,40.73475,1252
-72.91694,41.31083,1253
-90.61875,41.51777,1254
-94.73199,38.13588,1255
-97.29771,37.65933,1256
-94.69482,39.04631,1257
-88.63774,37.06636,1258
-83.47188,41.76394,1259
-86.23858,43.23306,1260
-85.85273,42.89445,1261
-83.10956,42.33501,1262
-79.58961,42.29071,1263
-79.00106,43.08218,1264
-77.75007,35.93355,1265
-77.56879,35.23146,1266
-82.07333,35.91528,1267
-78.6802,35.7288,1268
-80.6063,40.32207,1269
-118.82303,45.65223,1270
-75.0024,40.03598,1271
-96.74733,42.85097,1272
-97.1622,26.06961,1273
-109.0973,39.86862,1274
-113.1506,37.1983,1275
-111.98787,41.30361,1276
-79.95573,37.29717,1277
-122.58694,45.64833,1278
-105.38645,43.42662,1279
-110.353,42.98,1280
-110.09886,42.48636,1281
-116.8478,36.5089,1282
-112.1288,36.0778,1283
-149.90311,61.21503,1284
-92.42786,35.10519,1285
-90.58605,34.52977,1286
-93.10005,35.25977,1287
-121.84329,39.75737,1288
-119.77319,36.78133,1289
-117.12875,32.83646,1290
-104.95665,39.78108,1291
-104.99811,39.70401,1292
-73.40722,41.1125,1293
-80.66645,26.72479,1294
-81.14399,32.09296,1295
-84.66151,33.89932,1296
-84.2799,33.90139,1297
-84.38971,33.81956,1298
-81.99143,33.46916,1299
-86.13288,40.48548,1300
-87.50835,41.67835,1301
-86.25063,37.03544,1302
-71.36207,42.62668,1303
-94.15099,47.15994,1304
-90.1662,32.33037,1305
-73.92009,40.83606,1306
-122.7305,44.3958,1307
-71.40743,41.80924,1308
-82.31307,34.89914,1309
-77.04435,38.8104,1310
-105.50417,44.26583,1311
-108.57889,43.25856,1312
-106.97624,44.80549,1313
-109.86096,42.87053,1314
-109.76098,41.58872,1315
-156.2823,20.8086,1316
-73.1268,43.1482,1317
-117.69,34.38,1318
-87.30556,33.45972,1319
-86.81667,33.38639,1320
-86.66917,33.70472,1321
-86.9425,33.80167,1322
-88.1411,30.4747,1323
-87.2725,33.83288,1324
-147.872,64.83913,1325
-94.42429,35.38967,1326
-91.7156,35.24894,1327
-104.63477,39.23138,1328
-87.31879,38.32293,1329
-87.48473,38.74088,1330
-87.42648,41.54659,1331
-87.56783,37.97525,1332
-92.34407,42.49304,1333
-91.6793,42.00508,1334
-92.65225,41.98731,1335
-85.71192,37.98629,1336
-84.50744,38.03897,1337
-84.83845,38.21943,1338
-92.01732,30.27503,1339
-76.93219,38.94121,1340
-76.58222,39.34056,1341
-92.13354,46.76643,1342
-89.13511,31.68864,1343
-88.73149,32.36456,1344
-88.76622,34.26492,1345
-114.17568,48.38108,1346
-114.33696,48.40041,1347
-114.30533,48.20054,1348
-111.17829,45.77271,1349
-111.10589,44.66139,1350
-111.16489,45.79367,1351
-113.9962,46.87484,1352
-115.32375,47.59439,1353
-104.52414,33.39704,1354
-108.27227,32.78452,1355
-73.73388,40.63103,1356
-74.12525,40.59664,1357
-73.76575,40.93149,1358
-84.1441,39.0828,1359
-84.20077,39.42689,1360
-98.25278,35.11194,1361
-95.31086,36.30472,1362
-95.37792,35.75537,1363
-123.13983,44.0663,1364
-110.18274,40.21678,1365
-111.80389,40.43028,1366
-119.51896,48.39999,1367
-91.496,44.812,1368
-122.2103,45.5693,1369
-107.3141,40.0865,1370
-95.5682,39.9791,1371
-121.96182,37.53583,1372
-73.07908,41.64486,1373
-72.89417,41.29111,1374
-72.91972,41.33139,1375
-82.40816,29.65858,1376
-82.50954,27.93224,1377
-81.34535,28.55111,1378
-80.4081,27.44921,1379
-155.08065,19.56983,1380
-91.33587,39.91541,1381
-88.22953,40.1238,1382
-87.56857,41.70757,1383
-87.69647,41.66211,1384
-87.81005,42.46757,1385
-89.04942,41.29301,1386
-89.99285,38.52963,1387
-85.67995,40.11198,1388
-87.37055,39.45624,1389
-84.525,39.0725,1390
-86.95609,37.31977,1391
-91.25194,30.59398,1392
-84.3317,46.48169,1393
-84.60675,46.45402,1394
-91.39041,31.56075,1395
-90.72303,33.74606,1396
-106.55804,31.79594,1397
-78.84984,42.8273,1398
-84.45826,39.16032,1399
-84.49215,39.18053,1400
-81.91164,41.10087,1401
-94.6697,35.75073,1402
-94.83889,36.92222,1403
-94.83006,35.58117,1404
-95.92538,36.14004,1405
-121.31255,44.06392,1406
-119.05216,43.58626,1407
-122.87615,42.53596,1408
-122.6679,45.56137,1409
-118.09521,45.339,1410
-80.18784,40.48701,1411
-75.01155,40.0764,1412
-79.95699,32.84355,1413
-103.17781,29.30265,1414
-96.87206,32.67645,1415
-102.34204,31.83657,1416
-106.50105,31.75853,1417
-93.90902,29.92289,1418
-101.85042,33.59076,1419
-93.76134,30.08526,1420
-101.90927,35.20159,1421
-77.16338,38.83738,1422
-77.19822,38.9326,1423
-76.48105,37.0998,1424
-87.6161,44.13862,1425
-92.6627,45.12444,1426
-77.2099,42.0912,1427
-77.3079,39.9232,1428
-87.8501,36.7842,1429
-97.0313,36.9562,1430
-86.2604,38.5346,1431
-124.595,48.37185,1432
-80.1453,41.4269,1433
-73.9019,40.8161,1434
-92.435,32.0574,1435
-86.28525,32.42597,1436
-114.6489,32.677,1437
-123.35362,39.41294,1438
-104.61213,38.26306,1439
-85.61437,30.14437,1440
-80.12754,26.21758,1441
-80.16032,26.0012,1442
-85.30483,34.2632,1443
-116.27028,43.63611,1444
-112.53556,42.9125,1445
-86.10883,39.76048,1446
-86.20783,41.66346,1447
-87.56724,37.97173,1448
-87.56946,38.02173,1449
-93.65598,42.69539,1450
-84.9701,45.3485,1451
-93.25892,44.87551,1452
-93.29874,45.03972,1453
-93.75945,46.2053,1454
-93.01708,44.89926,1455
-92.77415,45.02798,1456
-88.41857,33.49112,1457
-90.05255,37.98222,1458
-90.32748,38.45676,1459
-90.35066,38.64977,1460
-90.18506,38.64286,1461
-111.2797,47.50218,1462
-112.03611,46.60382,1463
-108.4268,45.8019,1464
-103.66494,41.86497,1465
-106.65003,35.2381,1466
-74.95151,44.67811,1467
-77.3858,35.59433,1468
-81.7038,41.48089,1469
-79.8504,34.16764,1470
-82.40292,34.83881,1471
-80.86832,34.13126,1472
-82.00521,34.92684,1473
-111.84972,40.64667,1474
-76.39863,37.00098,1475
-117.35812,47.66074,1476
-88.52788,43.435,1477
-87.91111,43.02641,1478
-87.93425,42.95502,1479
-132.81234,56.61076,1480
-118.21071,33.92899,1481
-104.82774,38.82804,1482
-84.39576,33.77933,1483
-116.56323,43.5624,1484
-86.95903,38.36944,1485
-86.92832,38.40478,1486
-96.3879,42.51797,1487
-85.77935,38.19113,1488
-85.73195,38.24024,1489
-76.57972,39.23278,1490
-92.78027,45.01876,1491
-90.36149,38.43783,1492
-90.22649,38.87255,1493
-111.06813,45.72622,1494
-72.33787,43.36452,1495
-74.04376,40.81722,1496
-74.04367,40.81681,1497
-74.04346,40.83311,1498
-75.09762,39.92304,1499
-74.21274,40.73029,1500
-108.22146,36.7275,1501
-73.96661,40.75912,1502
-79.05667,35.90194,1503
-84.41436,39.29032,1504
-81.24248,41.72229,1505
-82.66533,38.52004,1506
-83.47611,41.66579,1507
-80.78705,41.21458,1508
-123.05834,43.79047,1509
-119.283,45.83911,1510
-119.26299,45.82897,1511
-111.96861,40.70444,1512
-112.02305,40.51795,1513
-111.98306,41.17972,1514
-79.98476,37.25625,1515
-117.06045,46.42542,1516
-120.31833,47.41222,1517
-122.2806,47.755,1518
-105.23637,43.67692,1519
-105.55174,44.46597,1520
-96.4318,42.1487,1521
-87.07108,31.10657,1522
-111.3295,34.22973,1523
-87.3316,30.4678,1524
-87.3287,30.4641,1525
-87.3285,30.4594,1526
-87.334,30.4589,1527
-82.61871,27.48087,1528
-82.10065,29.17053,1529
-116.88562,47.33861,1530
-116.0275,46.2094,1531
-91.40424,39.93301,1532
-85.14969,41.0506,1533
-85.96944,41.66783,1534
-87.40782,41.58893,1535
-86.7303,41.60227,1536
-86.24877,39.6463,1537
-86.04054,39.89365,1538
-87.08698,41.63143,1539
-86.28751,41.69449,1540
-92.51324,42.74304,1541
-93.58385,41.58318,1542
-86.41832,36.99338,1543
-90.21162,29.99926,1544
-89.92718,30.01691,1545
-90.04546,30.03233,1546
-89.9986,29.97144,1547
-89.81415,30.31445,1548
-90.23917,38.67322,1549
-113.48361,47.17703,1550
-114.90741,36.39101,1551
-106.72503,35.61531,1552
-106.7222,35.5064,1553
-73.88083,40.86585,1554
-74.00367,40.72062,1555
-78.89639,35.99194,1556
-82.9875,35.48917,1557
-77.42796,34.77283,1558
-84.3942,39.52844,1559
-82.1615,41.43946,1560
-94.98596,35.85408,1561
-97.03135,36.95622,1562
-95.24994,36.22841,1563
-75.92522,40.39269,1564
-75.2224,39.92761,1565
-80.67785,32.43488,1566
-79.2857,33.37399,1567
-82.17315,34.21287,1568
-78.87748,33.70277,1569
-96.682,43.53763,1570
-86.73444,36.10006,1571
-89.94953,35.08592,1572
-89.93028,35.18417,1573
-89.83447,35.37815,1574
-112.23397,41.94587,1575
-111.92111,40.8075,1576
-78.43471,38.5231,1577
-81.68472,38.44883,1578
-110.76604,43.48076,1579
-67.14601,18.20773,1580
-64.92292,18.34329,1581
-108.7658,39.605,1582
-88.07573,30.76652,1583
-88.20186,32.36401,1584
-92.33716,34.67627,1585
-121.84885,37.3062,1586
-107.00966,37.26842,1587
-108.07312,38.73921,1588
-104.7613,38.89598,1589
-106.9661,38.90039,1590
-107.81306,37.93787,1591
-112.46035,42.87673,1592
-112.25892,42.79638,1593
-116.95958,43.78715,1594
-111.86417,42.08222,1595
-116.51546,43.85644,1596
-90.14353,38.69956,1597
-86.23667,41.69366,1598
-94.76913,38.86306,1599
-95.69193,39.04,1600
-95.74859,39.02139,1601
-84.45189,39.06562,1602
-86.14295,37.13179,1603
-84.06326,37.08731,1604
-91.45535,31.5744,1605
-90.23178,29.9198,1606
-90.12173,29.9557,1607
-90.10285,29.99465,1608
-90.05689,29.96249,1609
-89.92388,29.93961,1610
-87.90736,46.13939,1611
-88.11976,46.15983,1612
-93.26712,45.00123,1613
-93.24005,45.00448,1614
-93.23323,44.89301,1615
-90.18839,32.29695,1616
-92.32183,38.95643,1617
-94.5741,39.036,1618
-91.78899,39.47498,1619
-90.38243,38.53278,1620
-71.16619,44.47117,1621
-75.28939,39.82572,1622
-81.3425,35.7278,1623
-81.27311,41.75496,1624
-84.1442,39.75953,1625
-96.65722,35.6725,1626
-123.36479,43.2266,1627
-122.85227,42.4267,1628
-123.0353,43.8345,1629
-75.92667,40.32028,1630
-75.16572,39.94418,1631
-81.78873,33.34223,1632
-103.20914,44.06493,1633
-87.16917,36.625,1634
-85.50942,36.17367,1635
-90.04156,35.15119,1636
-111.8952,41.8594,1637
-111.86819,41.63546,1638
-73.3842,43.92657,1639
-73.35573,43.86775,1640
-80.05671,37.29208,1641
-88.00122,44.5236,1642
-89.34017,43.093,1643
-89.05083,44.35288,1644
-103.09125,49.1456,1645
-102.98485,49.13514,1646
-76.7093,39.2547,1647
-76.6534,42.4009,1648
-68.6457,44.9334,1649
-135.31053,59.46008,1650
-89.90092,35.92924,1651
-118.06056,34.01407,1652
-118.96652,37.64571,1653
-117.15484,32.70922,1654
-120.65517,35.28386,1655
-106.9747,38.87805,1656
-106.83163,40.4852,1657
-72.90094,41.29399,1658
-87.256,30.437,1659
-87.376,30.55,1660
-83.3721,33.94595,1661
-112.02071,43.51827,1662
-116.37,48.70549,1663
-93.61438,41.66471,1664
-93.76601,32.47849,1665
-90.1231,30.02089,1666
-92.05151,30.2177,1667
-89.73733,30.16635,1668
-89.80477,30.0655,1669
-89.94952,29.88546,1670
-90.35952,29.93326,1671
-89.76997,30.26588,1672
-76.65306,38.9025,1673
-76.51135,39.15983,1674
-76.6375,39.26167,1675
-83.96803,43.50836,1676
-83.71105,42.29393,1677
-89.5675,30.23036,1678
-89.69106,30.5295,1679
-90.13253,32.27553,1680
-89.66667,32.32,1681
-90.88722,32.32298,1682
-114.1015,47.52688,1683
-114.16317,47.69216,1684
-112.69762,46.95441,1685
-114.15817,46.24433,1686
-106.66864,45.62333,1687
-96.14696,40.86556,1688
-100.76487,41.13611,1689
-71.46253,42.99578,1690
-103.1291,32.72483,1691
-73.41984,40.74593,1692
-80.30236,35.77881,1693
-80.24452,35.84119,1694
-80.28172,36.17153,1695
-80.88257,35.22542,1696
-102.7815,48.9904,1697
-102.56842,48.87655,1698
-84.36965,39.52455,1699
-84.51366,39.18603,1700
-97.12639,34.16667,1701
-97.88728,36.42031,1702
-97.08766,36.70476,1703
-122.7721,45.76853,1704
-123.2321,42.29009,1705
-123.09146,44.61569,1706
-121.20339,45.60242,1707
-122.81641,45.47019,1708
-79.94116,40.41368,1709
-80.077,40.47368,1710
-79.8865,40.26013,1711
-79.78366,40.54701,1712
-75.84639,41.26556,1713
-77.16556,40.45694,1714
-75.2199,40.00234,1715
-103.6491,30.3658,1716
-97.63004,26.13517,1717
-96.76889,32.91679,1718
-96.87306,32.77889,1719
-96.8033,32.7106,1720
-97.025,32.43694,1721
-106.40281,31.74677,1722
-94.85657,29.26332,1723
-94.71181,32.37868,1724
-95.1255,29.80271,1725
-95.49922,29.69573,1726
-95.22058,29.768,1727
-98.1831,26.30986,1728
-104.02466,30.66936,1729
-94.3178,29.86396,1730
-96.31769,32.56497,1731
-97.29869,27.42698,1732
-101.84759,33.59085,1733
-95.42513,30.3503,1734
-93.86694,30.19417,1735
-101.83238,35.21002,1736
-97.24861,32.69306,1737
-119.20415,46.21835,1738
-120.6647,47.59886,1739
-120.12111,48.36451,1740
-117.42635,47.69978,1741
-81.23568,37.26744,1742
-80.70647,37.77318,1743
-106.94985,44.79716,1744
-89.2066,29.1189,1745
-87.7135,41.7514,1746
-83.9417,35.6334,1747
-112.9628,34.4289,1748
-95.1285,29.6698,1749
-117.4161,33.9996,1750
-117.8609,47.9045,1751
-118.8146,38.9519,1752
-91.95,40.7167,1753
-88.3667,40.1,1754
-86.2833,39.7333,1755
-95.55,39.9667,1756
-86.1,37.1833,1757
-83.2,42.25,1758
-96.2167,43.6333,1759
-91.6333,44.05,1760
-92.95,38.8,1761
-81.2833,39.9667,1762
-82.1,39.3167,1763
-84.5167,39.15,1764
-94.6167,35.8,1765
-88.5333,43.4833,1766
-85.37549,31.22879,1767
-135.32125,59.45315,1768
-111.92639,33.39166,1769
-90.17648,35.14759,1770
-94.16918,36.04583,1771
-119.97061,38.94498,1772
-73.52846,41.06315,1773
-72.67037,41.76093,1774
-72.96399,41.27788,1775
-86.88996,30.4082,1776
-116.26572,43.64305,1777
-115.97239,44.1045,1778
-116.57222,48.2675,1779
-112.04645,43.4647,1780
-116.56361,43.5625,1781
-111.59144,42.6613,1782
-116.11625,45.93127,1783
-116.99253,46.40835,1784
-87.62385,41.83428,1785
-88.99591,40.51531,1786
-89.08955,42.26724,1787
-93.20854,43.16163,1788
-93.20301,43.15856,1789
-94.81749,43.39746,1790
-91.99462,40.6892,1791
-87.11805,37.74116,1792
-76.72944,39.10111,1793
-76.82778,39.02,1794
-93.19538,44.88855,1795
-94.84581,39.7553,1796
-94.56524,39.14865,1797
-94.44106,39.1093,1798
-94.31725,37.19829,1799
-91.70161,38.27408,1800
-93.41833,40.56,1801
-113.88568,46.88121,1802
-96.11613,41.38611,1803
-98.33978,40.92501,1804
-115.11167,36.15858,1805
-72.00953,44.08395,1806
-71.44451,42.70203,1807
-106.7,34.9031,1808
-77.60329,43.16106,1809
-80.61785,35.50708,1810
-81.58012,41.46283,1811
-97.99325,35.61304,1812
-97.07444,36.66278,1813
-96.49056,35.12972,1814
-122.88027,42.33155,1815
-122.96705,45.51829,1816
-75.24082,40.04962,1817
-79.97677,33.19698,1818
-80.86684,33.52988,1819
-103.31576,44.15564,1820
-103.2696,44.08349,1821
-77.49804,37.5107,1822
-122.41089,45.8639,1823
-119.2737,47.1303,1824
-123.83173,46.97228,1825
-121.77278,47.49022,1826
-121.9379,47.1411,1827
-122.20161,47.61311,1828
-80.72031,40.0639,1829
-66.85407,18.26051,1830
-157.8628,67.09934,1831
-106.2418,41.3662,1832
-91.9883,40.6883,1833
-113.2243,37.4591,1834
-148.9676,63.7232,1835
-134.5165,58.36551,1836
-90.70872,35.83869,1837
-93.05435,34.51037,1838
-92.05853,34.19093,1839
-92.58683,36.08424,1840
-94.04102,33.42762,1841
-92.65423,33.21446,1842
-115.53416,32.97838,1843
-120.54023,41.48322,1844
-107.87459,37.26768,1845
-108.56378,39.0916,1846
-73.18984,41.18371,1847
-72.92139,41.34111,1848
-82.37787,28.0503,1849
-112.47889,42.92556,1850
-115.8395,43.82291,1851
-116.56772,48.27063,1852
-112.01497,43.49936,1853
-116.76553,47.68232,1854
-116.92615,47.7216,1855
-116.96018,46.72182,1856
-117.01861,46.41778,1857
-114.44707,42.56401,1858
-116.09487,44.89921,1859
-85.74024,38.2709,1860
-94.7069,38.90362,1861
-87.55751,37.86504,1862
-91.15011,30.49186,1863
-92.48097,31.28963,1864
-71.79841,42.26732,1865
-92.88799,44.74997,1866
-93.15625,44.93107,1867
-94.5875,39.03778,1868
-94.57802,39.09531,1869
-90.28593,38.76616,1870
-71.53757,43.20591,1871
-70.75366,43.07759,1872
-74.14694,40.72222,1873
-75.87991,42.10881,1874
-73.91441,41.69486,1875
-74.01871,40.64182,1876
-73.97782,40.67195,1877
-77.5643,43.15844,1878
-73.63648,40.78909,1879
-73.4906,40.76078,1880
-75.22506,43.09892,1881
-76.16479,43.04823,1882
-76.16075,43.02014,1883
-73.82841,40.77039,1884
-73.9389,42.79901,1885
-77.78553,35.95349,1886
-77.78346,35.95024,1887
-76.29382,36.2296,1888
-78.61972,35.79002,1889
-81.6736,41.48404,1890
-80.61535,40.36285,1891
-98.42567,34.62872,1892
-97.48698,35.49034,1893
-96.79361,36.33806,1894
-97.05948,36.10727,1895
-95.85777,36.11982,1896
-122.93897,44.05374,1897
-123.006,44.94323,1898
-122.83282,45.26608,1899
-122.69889,45.535,1900
-118.09867,45.31922,1901
-80.005,40.28944,1902
-81.04023,33.98225,1903
-103.27427,44.0874,1904
-88.81556,35.60972,1905
-98.56494,29.63206,1906
-98.31251,29.58774,1907
-98.50538,29.42218,1908
-95.39774,29.01084,1909
-97.87806,29.88828,1910
-96.78642,33.1324,1911
-106.48292,31.75765,1912
-106.3721,31.7338,1913
-106.58833,31.84667,1914
-106.288,31.6675,1915
-106.42583,31.89391,1916
-94.91944,29.39,1917
-95.10444,29.50389,1918
-95.47417,29.62389,1919
-95.26722,29.62556,1920
-97.20056,31.52056,1921
-97.47033,32.7392,1922
-99.51522,27.51745,1923
-111.88222,40.88639,1924
-112.46667,40.59778,1925
-76.27216,36.80404,1926
-79.17502,37.35681,1927
-122.13068,47.79482,1928
-122.556,47.7356,1929
-122.95556,46.40163,1930
-122.3858,47.2656,1931
-122.3003,47.14,1932
-121.88322,45.69443,1933
-87.90799,44.53098,1934
-87.98833,44.41556,1935
-89.37679,43.08194,1936
-86.994,45.2384,1937
-92.07991,46.73022,1938
-88.99428,43.18388,1939
-88.00778,43.09778,1940
-88.04317,43.03444,1941
-87.92,43.343,1942
-89.06281,42.50908,1943
-88.22972,43.00722,1944
-88.52984,44.07526,1945
-89.81929,44.38247,1946
-149.81739,61.18108,1947
-150.25223,61.53251,1948
-112.19972,33.47611,1949
-111.74,33.08009,1950
-94.1627,36.05202,1951
-120.03308,38.81161,1952
-121.88858,37.33967,1953
-82.77621,28.0003,1954
-116.17816,43.5776,1955
-115.0145,42.14557,1956
-87.33476,41.60031,1957
-87.48753,41.64136,1958
-86.87945,40.42559,1959
-91.62018,41.97028,1960
-93.61411,42.04138,1961
-76.935,38.93972,1962
-70.92615,41.62871,1963
-71.15116,41.70038,1964
-71.31145,42.64759,1965
-71.48278,42.41357,1966
-71.03199,42.27482,1967
-71.78869,42.59509,1968
-83.43553,45.07307,1969
-85.59202,44.75389,1970
-112.68258,46.95462,1971
-97.25033,42.625,1972
-101.62543,42.95833,1973
-102.47158,41.09332,1974
-119.95018,39.04324,1975
-119.95674,39.25041,1976
-71.46562,42.75814,1977
-72.07758,43.32646,1978
-73.84318,40.77798,1979
-79.79444,36.07583,1980
-77.91007,34.23718,1981
-98.96729,35.51602,1982
-123.2673,44.5884,1983
-123.34583,42.43194,1984
-120.43329,42.22016,1985
-118.04111,45.26167,1986
-75.16222,39.93139,1987
-71.40589,41.81177,1988
-71.67201,41.91288,1989
-103.27004,44.06555,1990
-85.25329,35.17618,1991
-96.79278,32.69235,1992
-106.4125,31.89972,1993
-97.45417,27.80694,1994
-73.184,42.88008,1995
-72.50288,44.19728,1996
-118.3819,47.12,1997
-122.40287,45.58678,1998
-122.96194,46.13944,1999
-122.32401,47.52343,2000
-123.11583,47.22765,2001
-122.31488,48.43149,2002
-117.0427,47.71546,2003
-117.90361,48.54472,2004
-117.71438,48.27981,2005
-118.35147,46.05881,2006
-117.18014,46.72447,2007
-77.3078,39.9231,2008
-88.3719,40.0514,2009
-87.8504,36.7854,2010
-76.6536,42.4011,2011
-86.2608,38.5347,2012
-80.1447,41.425,2013
-81.3378,39.9431,2014
-81.3378,39.9431,2015
-92.4334,32.058,2016
-87.05277,34.63096,2017
-87.53889,33.21706,2018
-134.51043,58.35887,2019
-131.65002,55.35104,2020
-91.55846,34.51982,2021
-91.96125,33.13321,2022
-92.00097,34.2201,2023
-92.66877,33.21402,2024
-118.13285,34.68999,2025
-117.91427,33.82135,2026
-104.93767,39.82759,2027
-107.01273,37.26643,2028
-104.93993,39.73858,2029
-104.76716,39.51967,2030
-80.09671,26.4548,2031
-84.43743,33.6165,2032
-116.55083,48.27417,2033
-95.70137,39.0325,2034
-85.82678,38.23158,2035
-91.45845,31.56822,2036
-76.93278,38.85167,2037
-76.5433,39.27455,2038
-94.35938,46.16467,2039
-95.60559,45.96822,2040
-93.3666,43.65024,2041
-93.52641,47.2367,2042
-95.04036,45.11227,2043
-94.03982,44.18376,2044
-91.68931,37.00007,2045
-114.33819,48.41163,2046
-71.46757,43.00064,2047
-70.76228,43.07814,2048
-106.70058,34.90311,2049
-106.34836,35.61003,2050
-106.72281,35.50642,2051
-106.0228,35.8928,2052
-73.98569,40.73955,2053
-81.40175,35.59569,2054
-79.99889,35.95556,2055
-97.08231,47.9186,2056
-102.78833,46.88,2057
-97.89901,47.5997,2058
-82.15959,41.46865,2059
-84.19188,39.76367,2060
-121.32281,44.06234,2061
-77.14047,40.25222,2062
-71.37839,41.87843,2063
-79.65719,32.94102,2064
-81.11978,33.7856,2065
-81.22841,34.93582,2066
-95.35028,29.75278,2067
-95.36139,29.75111,2068
-94.30352,32.74292,2069
-97.46889,32.74167,2070
-97.32806,32.75972,2071
-112.02222,40.51806,2072
-77.14276,38.86817,2073
-123.46456,48.11697,2074
-122.77897,48.12919,2075
-122.23345,47.38343,2076
-122.96958,46.71788,2077
-117.36518,46.87822,2078
-89.03372,42.50113,2079
-108.73956,42.83274,2080
-110.2,51.66667,2081
-111.7081,40.4449,2082
-92.4334,32.06,2083
-112.1086,33.47661,2084
-91.5743,34.49926,2085
-91.96208,33.1304,2086
-92.24126,34.73342,2087
-119.70208,34.42139,2088
-120.43544,34.94803,2089
-104.99104,39.74034,2090
-87.90534,42.02781,2091
-90.5143,41.51198,2092
-72.5912,42.10065,2093
-93.25689,44.95941,2094
-91.26433,47.29631,2095
-94.36748,44.89079,2096
-95.58421,46.5869,2097
-92.82243,44.99163,2098
-71.41841,43.57285,2099
-106.77167,32.31898,2100
-73.94722,40.73277,2101
-73.64416,40.78527,2102
-73.75861,40.75527,2103
-80.84729,35.13959,2104
-78.98781,34.62517,2105
-96.90336,35.34813,2106
-80.20311,40.55312,2107
-75.15157,40.01067,2108
-80.96504,33.00787,2109
-103.29768,44.1361,2110
-83.93889,35.77,2111
-95.42167,30.35389,2112
-111.97278,41.21917,2113
-117.52997,47.41645,2114
-81.62679,38.34843,2115
-87.99427,44.41555,2116
-114.026,45.1588,2117
-121.63356,36.69718,2118
-120.47271,39.79157,2119
-117.33088,34.5125,2120
-75.74889,39.67583,2121
-81.50462,31.18089,2122
-87.81978,41.81698,2123
-89.80974,39.39608,2124
-85.87191,37.71506,2125
-93.05684,44.96555,2126
-93.01216,44.94497,2127
-94.55079,38.85615,2128
-114.27682,48.22822,2129
-74.14374,40.72667,2130
-73.90958,40.81149,2131
-73.58549,40.74316,2132
-80.76618,35.24875,2133
-97.11835,34.17898,2134
-122.79583,45.21167,2135
-118.07911,45.32708,2136
-103.275,44.06944,2137
-98.48502,29.41551,2138
-106.29111,31.65222,2139
-122.20123,47.61427,2140
-120.52868,46.58513,2141
-79.8,44.2,2142
-79.5,43.63333,2143
-109.5833,38.7833,2144
-118.2021,35.6987,2145
-112.1539,36.0658,2146
-89.15,47.9167,2147
-79.4833,37.6167,2148
-116.3889,34.0695,2149
-122.5586,48.9533,2150
-106.4844,32.6869,2151
-113.0333,43.65,2152
-119.9667,38.9333,2153
-106.74,40.445,2154
-92.8303,48.4132,2155
-110.4003,44.5654,2156